positionId,education,city,salary,workYear,companySize,financeStage
1911656,本科,北京,15K,1-3年,150-500人,成长型(B轮)
2631865,本科,北京,25K,3-5年,500-2000人,上市公司
2976228,大专,上海,10K,3-5年,150-500人,上市公司
2926281,本科,北京,35K,5-10年,500-2000人,上市公司
441663,不限,郑州,8K,1-3年,15-50人,初创型(未融资)
2669463,本科,宁波,7K,3-5年,15-50人,初创型(未融资)
2988744,本科,北京,15K,不限,2000人以上,成熟型(D轮及以上)
824478,大专,深圳,15K,3-5年,150-500人,成长型(B轮)
2970837,本科,上海,15K,不限,50-150人,成长型(B轮)
2960861,本科,北京,20K,3-5年,2000人以上,成长型(A轮)
2830926,本科,济南,6K,1-3年,150-500人,成长型(不需要融资)
3013556,本科,上海,8K,1-3年,15-50人,初创型(未融资)
2917050,本科,北京,20K,5-10年,150-500人,成长型(B轮)
2255831,不限,北京,3K,不限,500-2000人,成熟型(D轮及以上)
2736190,本科,北京,25K,5-10年,500-2000人,上市公司
2620623,本科,廊坊,8K,1-3年,50-150人,初创型(天使轮)
2401604,本科,北京,10K,1-3年,500-2000人,成熟型(C轮)
2401594,本科,上海,10K,1-3年,500-2000人,成熟型(C轮)
2401579,本科,北京,10K,1-3年,500-2000人,成熟型(C轮)
2918746,本科,北京,15K,1-3年,150-500人,成熟型(C轮)
1704571,本科,天津,8K,3-5年,500-2000人,上市公司
1896155,本科,北京,15K,1-3年,150-500人,成熟型(C轮)
2951220,本科,北京,15K,5-10年,50-150人,成长型(B轮)
2512124,不限,上海,13K,3-5年,50-150人,成长型(B轮)
2972392,本科,北京,28K,3-5年,500-2000人,成长型(B轮)
2709500,大专,深圳,10K,1-3年,2000人以上,成长型(B轮)
2565526,本科,北京,10K,1-3年,50-150人,初创型(天使轮)
2511743,本科,西安,5K,1-3年,50-150人,成长型(不需要融资)
1586857,本科,北京,10K,1-3年,150-500人,成长型(B轮)
2321442,不限,北京,15K,1-3年,500-2000人,成熟型(D轮及以上)
2470616,本科,上海,10K,1-3年,500-2000人,成熟型(C轮)
2886671,本科,北京,10K,3-5年,2000人以上,上市公司
1414724,大专,上海,10K,不限,50-150人,成长型(不需要融资)
1832498,本科,北京,20K,3-5年,2000人以上,成熟型(C轮)
2910516,不限,上海,20K,3-5年,500-2000人,上市公司
2958043,本科,深圳,10K,1-3年,2000人以上,上市公司
2001605,本科,深圳,10K,1-3年,150-500人,成长型(A轮)
1605930,本科,上海,10K,1-3年,15-50人,初创型(不需要融资)
2311758,本科,北京,15K,1-3年,50-150人,初创型(天使轮)
1489831,本科,北京,15K,3-5年,150-500人,成熟型(C轮)
2950772,不限,北京,10K,1-3年,15-50人,初创型(天使轮)
2321975,大专,北京,7K,1-3年,2000人以上,上市公司
2803444,本科,深圳,15K,3-5年,150-500人,成长型(不需要融资)
2528713,本科,北京,10K,1-3年,15-50人,成长型(A轮)
1146636,本科,北京,18K,1-3年,500-2000人,成熟型(不需要融资)
3013577,本科,北京,15K,1-3年,15-50人,初创型(未融资)
3019401,本科,杭州,8K,1-3年,50-150人,成长型(B轮)
2993707,不限,成都,13K,3-5年,50-150人,成长型(B轮)
2648783,本科,深圳,15K,3-5年,15-50人,成长型(A轮)
2733342,本科,深圳,15K,1-3年,500-2000人,成长型(A轮)
1446139,不限,上海,18K,5-10年,2000人以上,成熟型(D轮及以上)
2980267,本科,北京,15K,3-5年,少于15人,初创型(天使轮)
845185,不限,珠海,8K,1-3年,15-50人,成长型(A轮)
2906136,本科,上海,15K,1-3年,150-500人,成长型(A轮)
2704328,本科,北京,25K,3-5年,500-2000人,成熟型(不需要融资)
2900849,本科,北京,20K,3-5年,2000人以上,成熟型(D轮及以上)
2555647,本科,北京,15K,1-3年,50-150人,成长型(不需要融资)
2970414,本科,苏州,5K,1-3年,50-150人,初创型(天使轮)
2614417,本科,深圳,15K,1-3年,2000人以上,成熟型(不需要融资)
2320080,本科,武汉,8K,3-5年,500-2000人,上市公司
2985137,大专,北京,15K,不限,2000人以上,成熟型(不需要融资)
1764146,本科,上海,12K,3-5年,150-500人,成熟型(D轮及以上)
2360387,硕士,苏州,15K,应届毕业生,150-500人,成熟型(C轮)
2891319,本科,上海,12K,不限,少于15人,初创型(天使轮)
2959568,大专,北京,10K,1-3年,150-500人,上市公司
2865477,大专,北京,6K,不限,15-50人,初创型(未融资)
2943423,本科,上海,15K,3-5年,2000人以上,成长型(A轮)
2404757,本科,北京,19K,3-5年,15-50人,初创型(天使轮)
2420336,大专,北京,10K,3-5年,150-500人,成长型(B轮)
2998105,本科,深圳,10K,3-5年,150-500人,成长型(不需要融资)
3010852,本科,北京,20K,3-5年,15-50人,成长型(A轮)
1481997,不限,武汉,5K,1-3年,50-150人,初创型(天使轮)
2955796,本科,北京,15K,3-5年,2000人以上,上市公司
2900271,不限,北京,13K,1-3年,500-2000人,成熟型(D轮及以上)
2648807,本科,深圳,15K,3-5年,15-50人,成长型(A轮)
2999988,本科,上海,10K,3-5年,15-50人,上市公司
2713631,本科,广州,8K,1-3年,500-2000人,上市公司
2853232,本科,济南,6K,1-3年,15-50人,初创型(天使轮)
2759467,本科,北京,25K,5-10年,150-500人,成长型(不需要融资)
3016266,本科,苏州,15K,5-10年,50-150人,成长型(A轮)
3017631,本科,深圳,20K,5-10年,150-500人,成长型(B轮)
3019557,本科,北京,13K,1-3年,50-150人,成长型(不需要融资)
2621426,本科,北京,20K,3-5年,500-2000人,上市公司
2666427,本科,深圳,30K,3-5年,2000人以上,成熟型(不需要融资)
889319,本科,长沙,8K,1-3年,15-50人,初创型(天使轮)
1675780,本科,武汉,10K,1-3年,500-2000人,成熟型(C轮)
2886409,本科,北京,26K,3-5年,500-2000人,成长型(B轮)
1069314,大专,北京,15K,3-5年,15-50人,初创型(未融资)
521224,本科,北京,15K,不限,150-500人,成长型(B轮)
2972250,本科,北京,15K,1-3年,500-2000人,成熟型(C轮)
2688021,本科,上海,15K,3-5年,50-150人,成长型(B轮)
1927838,本科,南京,10K,1-3年,2000人以上,上市公司
2926970,本科,杭州,10K,3-5年,50-150人,初创型(天使轮)
2801469,本科,北京,20K,1-3年,50-150人,成长型(A轮)
2982368,大专,石家庄,4K,1-3年,50-150人,初创型(未融资)
1867139,本科,北京,13K,不限,150-500人,成熟型(C轮)
2814504,不限,上海,20K,3-5年,2000人以上,成熟型(D轮及以上)
2871506,本科,广州,8K,1-3年,150-500人,成熟型(D轮及以上)
2015128,本科,上海,10K,1-3年,15-50人,初创型(天使轮)
2018558,本科,深圳,13K,3-5年,500-2000人,上市公司
2875277,本科,北京,15K,3-5年,500-2000人,成长型(B轮)
2653020,本科,北京,6K,不限,150-500人,成长型(不需要融资)
3013629,本科,北京,15K,1-3年,500-2000人,成熟型(不需要融资)
2998984,本科,广州,15K,3-5年,150-500人,成长型(不需要融资)
2380818,本科,深圳,15K,3-5年,2000人以上,上市公司
2957039,大专,广州,10K,3-5年,500-2000人,成熟型(C轮)
2557008,本科,上海,10K,1-3年,50-150人,成长型(不需要融资)
2844907,大专,南昌,6K,1-3年,150-500人,初创型(天使轮)
3009489,本科,苏州,15K,3-5年,50-150人,成长型(A轮)
2091571,本科,上海,15K,3-5年,2000人以上,成熟型(D轮及以上)
2384086,本科,北京,15K,3-5年,500-2000人,成熟型(不需要融资)
1229824,本科,珠海,10K,1-3年,少于15人,初创型(未融资)
2926367,不限,北京,20K,3-5年,50-150人,上市公司
3007692,本科,上海,10K,不限,少于15人,初创型(天使轮)
2959543,大专,杭州,10K,1-3年,150-500人,上市公司
2967394,大专,厦门,7K,1-3年,15-50人,初创型(不需要融资)
2759492,本科,北京,15K,1-3年,150-500人,成长型(不需要融资)
2523076,本科,济南,6K,1-3年,15-50人,初创型(天使轮)
2886915,本科,北京,2K,不限,2000人以上,上市公司
2828251,大专,杭州,10K,不限,2000人以上,上市公司
3008863,本科,北京,9K,1-3年,15-50人,初创型(未融资)
2079341,本科,南昌,4K,不限,150-500人,成长型(不需要融资)
2942066,本科,北京,15K,1-3年,500-2000人,成熟型(D轮及以上)
2108656,本科,上海,15K,1-3年,50-150人,成长型(A轮)
2042657,大专,郑州,8K,1-3年,500-2000人,上市公司
2735187,本科,南京,7K,1-3年,500-2000人,成熟型(不需要融资)
2945008,本科,北京,15K,3-5年,少于15人,初创型(未融资)
327391,本科,北京,6K,1-3年,150-500人,上市公司
2642688,本科,北京,20K,3-5年,50-150人,成长型(A轮)
2098075,本科,上海,15K,5-10年,2000人以上,成熟型(D轮及以上)
2541032,本科,北京,15K,1-3年,15-50人,成长型(A轮)
2431242,本科,北京,23K,3-5年,150-500人,成熟型(C轮)
2194854,本科,北京,15K,3-5年,15-50人,初创型(天使轮)
3019037,不限,成都,4K,不限,少于15人,初创型(未融资)
2988069,大专,上海,15K,3-5年,15-50人,初创型(不需要融资)
3014751,本科,北京,8K,1-3年,15-50人,初创型(天使轮)
2759422,本科,北京,25K,5-10年,150-500人,成长型(不需要融资)
2624621,本科,上海,3K,不限,150-500人,成熟型(D轮及以上)
1281668,本科,深圳,15K,3-5年,15-50人,成长型(A轮)
2556039,本科,北京,20K,3-5年,2000人以上,上市公司
3010362,本科,北京,9K,1-3年,150-500人,成长型(不需要融资)
1535279,本科,苏州,5K,1-3年,15-50人,初创型(天使轮)
2642678,本科,北京,25K,3-5年,50-150人,成长型(A轮)
2091549,本科,上海,18K,5-10年,2000人以上,成熟型(D轮及以上)
2468160,不限,广州,10K,1-3年,15-50人,初创型(不需要融资)
3010981,本科,北京,15K,5-10年,少于15人,初创型(天使轮)
2069068,大专,苏州,8K,1-3年,150-500人,成熟型(C轮)
2466935,本科,北京,4K,应届毕业生,500-2000人,上市公司
2365223,大专,珠海,5K,1-3年,15-50人,初创型(未融资)
2932181,本科,北京,18K,1-3年,15-50人,成长型(A轮)
2830182,本科,上海,9K,不限,15-50人,成长型(B轮)
2967831,本科,济南,6K,1-3年,50-150人,初创型(未融资)
3002655,本科,大连,13K,3-5年,15-50人,初创型(未融资)
1945496,本科,北京,15K,5-10年,150-500人,成长型(不需要融资)
2924624,本科,北京,8K,1-3年,50-150人,成长型(A轮)
493232,本科,北京,3K,不限,150-500人,成长型(B轮)
2643949,本科,北京,20K,3-5年,50-150人,成长型(A轮)
1446137,本科,上海,13K,1-3年,2000人以上,成熟型(D轮及以上)
2736173,本科,北京,25K,3-5年,500-2000人,上市公司
2965492,大专,宁波,5K,不限,150-500人,初创型(未融资)
2896272,本科,北京,10K,1-3年,50-150人,成长型(B轮)
2926939,本科,北京,20K,3-5年,500-2000人,上市公司
2911660,本科,北京,10K,3-5年,150-500人,成长型(A轮)
2546295,本科,深圳,10K,3-5年,2000人以上,上市公司
2668478,本科,上海,10K,3-5年,少于15人,初创型(天使轮)
2606405,本科,北京,15K,3-5年,2000人以上,成熟型(D轮及以上)
2850477,本科,北京,15K,1-3年,2000人以上,上市公司
2816711,本科,北京,15K,3-5年,15-50人,成长型(A轮)
2911631,本科,北京,15K,3-5年,50-150人,成长型(不需要融资)
2688990,本科,北京,13K,3-5年,15-50人,初创型(未融资)
2715456,本科,北京,15K,1-3年,15-50人,初创型(天使轮)
2719236,本科,北京,20K,1-3年,50-150人,成长型(A轮)
2718513,大专,广州,12K,3-5年,50-150人,成长型(不需要融资)
2855480,不限,重庆,7K,不限,150-500人,成长型(不需要融资)
2998805,本科,北京,2K,不限,500-2000人,上市公司
2740252,本科,深圳,15K,3-5年,500-2000人,成长型(B轮)
2999956,大专,上海,8K,不限,15-50人,初创型(天使轮)
1793728,本科,深圳,10K,1-3年,150-500人,成长型(A轮)
2897368,大专,成都,8K,1年以下,150-500人,初创型(未融资)
2985886,本科,长沙,6K,不限,50-150人,成长型(A轮)
2259882,本科,北京,8K,1-3年,少于15人,初创型(天使轮)
2840034,大专,福州,4K,1-3年,50-150人,成长型(不需要融资)
2596236,本科,广州,9K,1-3年,50-150人,成长型(不需要融资)
2426305,本科,深圳,15K,3-5年,2000人以上,上市公司
2785271,本科,北京,15K,3-5年,15-50人,成长型(A轮)
2890070,本科,北京,20K,3-5年,2000人以上,成熟型(D轮及以上)
2024237,本科,上海,12K,1-3年,150-500人,初创型(天使轮)
2783122,本科,北京,15K,不限,50-150人,成长型(不需要融资)
2986644,本科,北京,15K,3-5年,50-150人,初创型(未融资)
1855065,本科,上海,10K,1-3年,50-150人,上市公司
2586400,本科,北京,10K,1-3年,50-150人,成长型(B轮)
671216,本科,北京,12K,1-3年,15-50人,初创型(天使轮)
2888986,本科,北京,10K,3-5年,50-150人,初创型(未融资)
2897414,本科,北京,15K,3-5年,50-150人,成长型(不需要融资)
2908687,本科,深圳,18K,3-5年,2000人以上,上市公司
2123934,本科,上海,15K,3-5年,150-500人,成长型(B轮)
1391957,本科,厦门,5K,不限,15-50人,初创型(未融资)
2429819,本科,深圳,10K,5-10年,15-50人,初创型(天使轮)
148225,本科,北京,4K,不限,500-2000人,成熟型(不需要融资)
2931235,本科,太原,4K,1-3年,15-50人,初创型(未融资)
2950002,本科,深圳,12K,1-3年,15-50人,初创型(天使轮)
20458,本科,北京,15K,3-5年,150-500人,成长型(B轮)
1243495,本科,深圳,15K,1-3年,50-150人,初创型(天使轮)
1221059,本科,北京,15K,3-5年,15-50人,初创型(未融资)
2539110,本科,北京,10K,1-3年,15-50人,初创型(不需要融资)
2396722,本科,上海,10K,1-3年,150-500人,初创型(天使轮)
3009307,不限,北京,15K,1-3年,50-150人,初创型(未融资)
2771324,本科,广州,7K,1-3年,50-150人,上市公司
3018651,不限,广州,1K,应届毕业生,15-50人,初创型(不需要融资)
2971823,本科,北京,15K,1-3年,500-2000人,成熟型(C轮)
2635866,本科,北京,10K,1-3年,15-50人,初创型(未融资)
2854338,本科,北京,20K,3-5年,50-150人,初创型(未融资)
2933402,本科,北京,15K,3-5年,500-2000人,上市公司
1155330,本科,上海,15K,1-3年,500-2000人,初创型(未融资)
2517136,本科,上海,15K,5-10年,50-150人,成长型(A轮)
2950849,本科,北京,12K,3-5年,少于15人,初创型(未融资)
2901976,本科,深圳,6K,1-3年,150-500人,成长型(不需要融资)
2685139,不限,武汉,8K,1-3年,50-150人,成长型(A轮)
1255415,本科,北京,10K,3-5年,15-50人,成长型(A轮)
2951751,本科,上海,10K,1-3年,50-150人,成熟型(D轮及以上)
2627088,本科,北京,10K,不限,150-500人,成熟型(C轮)
2943338,本科,上海,20K,5-10年,15-50人,初创型(天使轮)
2552985,大专,北京,8K,1-3年,150-500人,成长型(B轮)
2928274,本科,广州,12K,3-5年,少于15人,初创型(不需要融资)
2936250,本科,上海,15K,3-5年,500-2000人,初创型(未融资)
2998070,本科,北京,10K,不限,150-500人,成长型(不需要融资)
2889848,本科,北京,4K,不限,2000人以上,上市公司
2809244,本科,苏州,13K,3-5年,150-500人,成熟型(C轮)
2783999,本科,广州,8K,1-3年,150-500人,成熟型(D轮及以上)
2895519,本科,海口,8K,1-3年,15-50人,初创型(不需要融资)
1289525,本科,深圳,15K,3-5年,2000人以上,上市公司
2793337,大专,成都,6K,1-3年,50-150人,上市公司
2792147,本科,北京,30K,5-10年,2000人以上,成长型(A轮)
625904,不限,武汉,6K,1-3年,15-50人,初创型(天使轮)
1809281,不限,上海,15K,1-3年,50-150人,成长型(A轮)
2320990,本科,成都,15K,3-5年,150-500人,成长型(B轮)
2930659,本科,上海,5K,1年以下,50-150人,成熟型(C轮)
2519471,本科,北京,15K,3-5年,2000人以上,成熟型(D轮及以上)
2312179,本科,上海,15K,不限,15-50人,初创型(天使轮)
3012001,大专,深圳,7K,1-3年,15-50人,初创型(天使轮)
2982348,本科,北京,10K,1-3年,15-50人,初创型(天使轮)
322808,本科,北京,20K,5-10年,15-50人,初创型(天使轮)
2875134,本科,北京,10K,1-3年,500-2000人,上市公司
2684248,本科,北京,15K,1-3年,15-50人,成长型(A轮)
2887526,不限,广州,7K,不限,15-50人,初创型(未融资)
2931490,本科,北京,8K,1-3年,15-50人,初创型(未融资)
2890460,本科,上海,4K,不限,少于15人,初创型(未融资)
1662245,本科,北京,3K,不限,少于15人,初创型(天使轮)
2754554,本科,南京,10K,3-5年,500-2000人,成熟型(C轮)
2724025,本科,深圳,10K,1-3年,15-50人,初创型(不需要融资)
2934448,硕士,南京,4K,不限,500-2000人,上市公司
2965078,本科,北京,20K,3-5年,少于15人,初创型(不需要融资)
2803310,本科,上海,12K,3-5年,150-500人,上市公司
971118,本科,北京,10K,1-3年,50-150人,成长型(A轮)
2613898,本科,北京,3K,不限,少于15人,初创型(未融资)
466844,本科,成都,8K,1-3年,15-50人,初创型(天使轮)
2927941,本科,北京,20K,3-5年,少于15人,初创型(天使轮)
2954175,不限,北京,10K,3-5年,500-2000人,上市公司
2946923,本科,深圳,9K,1-3年,150-500人,初创型(未融资)
2874298,不限,广州,4K,不限,少于15人,初创型(天使轮)
2635147,本科,上海,20K,1-3年,50-150人,初创型(天使轮)
2918904,本科,深圳,15K,5-10年,150-500人,初创型(未融资)
2542586,大专,成都,6K,1-3年,15-50人,初创型(未融资)
2800575,大专,北京,20K,5-10年,50-150人,成熟型(D轮及以上)
2835452,本科,广州,4K,不限,15-50人,初创型(天使轮)
2048093,本科,北京,15K,1-3年,15-50人,初创型(天使轮)
2562156,本科,广州,12K,3-5年,少于15人,成长型(A轮)
2940690,本科,武汉,10K,3-5年,,
57787,不限,广州,4K,不限,50-150人,成长型(不需要融资)
2523325,大专,北京,8K,应届毕业生,50-150人,成长型(不需要融资)
2904612,本科,北京,8K,不限,少于15人,初创型(天使轮)
2943391,本科,北京,8K,1-3年,15-50人,成长型(A轮)
2991011,本科,西安,1K,不限,15-50人,初创型(天使轮)
2909295,本科,深圳,15K,3-5年,150-500人,成长型(B轮)
2794150,本科,深圳,8K,1-3年,15-50人,初创型(天使轮)
2770326,本科,北京,15K,3-5年,50-150人,成熟型(C轮)
2779439,不限,上海,15K,1-3年,2000人以上,成熟型(D轮及以上)
2131177,大专,广州,10K,3-5年,50-150人,成长型(不需要融资)
2929428,本科,深圳,11K,不限,15-50人,初创型(不需要融资)
1772696,本科,北京,10K,1-3年,15-50人,初创型(未融资)
2950643,本科,成都,14K,5-10年,2000人以上,成熟型(不需要融资)
1860946,本科,上海,10K,不限,15-50人,初创型(不需要融资)
2605207,本科,成都,10K,3-5年,50-150人,成长型(A轮)
3015875,本科,深圳,15K,3-5年,2000人以上,上市公司
2894435,不限,北京,10K,1-3年,50-150人,成长型(B轮)
2767036,本科,南京,10K,3-5年,15-50人,成长型(A轮)
2932205,大专,深圳,8K,1-3年,少于15人,初创型(不需要融资)
2900038,本科,合肥,8K,3-5年,50-150人,上市公司
2885070,本科,深圳,5K,不限,50-150人,成长型(A轮)
592514,不限,西安,13K,5-10年,50-150人,成长型(A轮)
2916852,本科,北京,15K,3-5年,50-150人,成长型(A轮)
2876329,本科,北京,10K,1-3年,150-500人,上市公司
1574570,本科,北京,10K,3-5年,2000人以上,上市公司
2991052,本科,上海,18K,3-5年,15-50人,初创型(不需要融资)
2723452,本科,上海,5K,不限,少于15人,初创型(天使轮)
2607211,不限,武汉,3K,不限,15-50人,成长型(B轮)
2795892,本科,成都,5K,1-3年,150-500人,成长型(A轮)
2698777,本科,深圳,15K,3-5年,15-50人,成长型(A轮)
1837023,大专,深圳,10K,3-5年,15-50人,成长型(A轮)
1854175,本科,上海,10K,1年以下,15-50人,成长型(A轮)
2491373,本科,武汉,8K,不限,15-50人,初创型(天使轮)
2914169,本科,北京,10K,1-3年,少于15人,初创型(天使轮)
2967534,本科,北京,5K,1-3年,15-50人,成长型(A轮)
2947717,不限,北京,15K,1-3年,500-2000人,成长型(B轮)
2405348,本科,杭州,4K,不限,少于15人,初创型(未融资)
2821998,不限,深圳,8K,1-3年,50-150人,成长型(不需要融资)
2939278,不限,深圳,8K,不限,500-2000人,成熟型(D轮及以上)
1989563,本科,深圳,3K,应届毕业生,少于15人,初创型(天使轮)
2156248,本科,北京,15K,1-3年,2000人以上,成长型(A轮)
2891846,本科,北京,10K,不限,500-2000人,上市公司
2855922,本科,成都,6K,1-3年,50-150人,初创型(天使轮)
2867382,本科,北京,8K,1-3年,15-50人,初创型(未融资)
2888342,本科,上海,8K,1-3年,150-500人,初创型(未融资)
951443,大专,武汉,8K,3-5年,15-50人,初创型(未融资)
2957251,大专,深圳,15K,3-5年,15-50人,成长型(B轮)
3001722,大专,北京,10K,1-3年,少于15人,初创型(未融资)
2004869,大专,广州,7K,1-3年,50-150人,成长型(不需要融资)
3005572,本科,成都,7K,应届毕业生,15-50人,初创型(未融资)
2939576,大专,成都,4K,不限,150-500人,初创型(未融资)
2895162,本科,北京,2K,应届毕业生,少于15人,初创型(天使轮)
2949335,不限,广州,10K,3-5年,15-50人,初创型(天使轮)
2912054,本科,成都,3K,不限,15-50人,初创型(不需要融资)
2919919,不限,北京,5K,应届毕业生,15-50人,初创型(未融资)
2890473,本科,成都,5K,1-3年,少于15人,初创型(未融资)
2908429,大专,北京,9K,1-3年,50-150人,初创型(未融资)
2909408,不限,北京,8K,1-3年,,
2754654,本科,合肥,4K,1-3年,150-500人,上市公司
2849644,不限,南京,8K,1-3年,15-50人,初创型(不需要融资)
1744860,本科,北京,5K,应届毕业生,15-50人,初创型(天使轮)
2899566,本科,北京,20K,5-10年,15-50人,初创型(不需要融资)
2785210,大专,北京,15K,3-5年,15-50人,成长型(A轮)
2965965,本科,西安,12K,3-5年,少于15人,初创型(不需要融资)
2302207,本科,上海,4K,不限,少于15人,初创型(天使轮)
2700816,本科,北京,10K,1-3年,少于15人,初创型(未融资)
2280451,本科,北京,20K,3-5年,50-150人,成长型(A轮)
587787,大专,杭州,4K,1年以下,少于15人,初创型(未融资)
2591321,本科,北京,20K,不限,15-50人,初创型(不需要融资)
2679961,大专,北京,15K,3-5年,50-150人,成长型(不需要融资)
2993030,本科,深圳,12K,1-3年,少于15人,初创型(天使轮)
288793,本科,北京,5K,不限,15-50人,初创型(天使轮)
2972420,本科,北京,15K,3-5年,15-50人,初创型(不需要融资)
2891172,本科,东莞,8K,应届毕业生,15-50人,初创型(天使轮)
2782278,本科,北京,10K,1-3年,15-50人,初创型(未融资)
1575569,不限,成都,5K,1-3年,15-50人,初创型(天使轮)
2398611,本科,深圳,10K,3-5年,50-150人,成长型(不需要融资)
2387345,本科,北京,4K,不限,15-50人,初创型(天使轮)
2325958,本科,上海,8K,不限,50-150人,成长型(A轮)
2990722,本科,深圳,6K,1-3年,15-50人,初创型(未融资)
2273087,大专,上海,10K,1-3年,50-150人,成长型(A轮)
2570939,大专,广州,9K,1-3年,少于15人,初创型(天使轮)
1340006,不限,杭州,8K,1-3年,15-50人,成长型(A轮)
2927969,本科,广州,10K,1-3年,15-50人,成长型(A轮)
1845652,不限,武汉,8K,1-3年,50-150人,成长型(B轮)
2957474,本科,上海,10K,不限,500-2000人,上市公司
2840073,不限,武汉,10K,不限,15-50人,初创型(天使轮)
2598861,本科,杭州,15K,3-5年,少于15人,初创型(不需要融资)
2374538,本科,上海,10K,1-3年,15-50人,初创型(未融资)
2600343,本科,杭州,15K,3-5年,少于15人,初创型(天使轮)
3001695,大专,北京,20K,3-5年,少于15人,初创型(未融资)
2729111,不限,北京,10K,不限,150-500人,初创型(天使轮)
3019262,本科,北京,15K,1-3年,500-2000人,成熟型(C轮)
2939347,本科,北京,2K,应届毕业生,15-50人,成长型(B轮)
3018527,本科,南京,9K,1-3年,15-50人,成长型(B轮)
1331359,本科,杭州,15K,不限,少于15人,初创型(天使轮)
2527486,本科,北京,2K,应届毕业生,50-150人,上市公司
2947212,本科,武汉,5K,1-3年,少于15人,初创型(天使轮)
369422,不限,上海,10K,不限,15-50人,初创型(未融资)
2839859,本科,上海,10K,1-3年,50-150人,初创型(天使轮)
2637924,本科,北京,2K,不限,50-150人,成长型(不需要融资)
2728345,不限,长沙,10K,3-5年,50-150人,初创型(未融资)
2973247,本科,北京,10K,不限,2000人以上,成熟型(不需要融资)
2963885,本科,北京,8K,不限,15-50人,初创型(不需要融资)
2729412,本科,深圳,10K,1-3年,少于15人,初创型(天使轮)
2920800,本科,天津,6K,1-3年,15-50人,初创型(不需要融资)
2884103,本科,北京,13K,不限,15-50人,成长型(A轮)
205668,本科,成都,6K,1-3年,50-150人,成长型(不需要融资)
2917505,本科,北京,15K,1-3年,150-500人,成熟型(C轮)
2673767,本科,上海,15K,3-5年,150-500人,成熟型(C轮)
2895981,本科,北京,20K,3-5年,2000人以上,成熟型(D轮及以上)
179585,不限,广州,12K,不限,15-50人,初创型(天使轮)
2876208,不限,北京,20K,1-3年,2000人以上,上市公司
2949346,本科,北京,20K,3-5年,少于15人,初创型(不需要融资)
1271284,本科,上海,12K,1-3年,50-150人,初创型(天使轮)
2534340,本科,北京,10K,1-3年,50-150人,初创型(未融资)
2987803,大专,广州,10K,1-3年,500-2000人,初创型(未融资)
2743738,本科,北京,7K,1-3年,15-50人,初创型(未融资)
317152,不限,广州,2K,1年以下,50-150人,成长型(不需要融资)
2404939,本科,北京,12K,1-3年,少于15人,初创型(天使轮)
462865,本科,北京,13K,1-3年,15-50人,初创型(未融资)
2337231,不限,广州,3K,应届毕业生,15-50人,初创型(天使轮)
2602301,本科,北京,6K,不限,15-50人,初创型(不需要融资)
490877,大专,北京,10K,1-3年,15-50人,初创型(天使轮)
195991,本科,武汉,8K,1-3年,15-50人,初创型(天使轮)
2451660,大专,上海,9K,1-3年,50-150人,初创型(未融资)
2957962,大专,杭州,15K,1-3年,15-50人,初创型(天使轮)
2795314,本科,北京,10K,1-3年,15-50人,初创型(未融资)
66873,本科,深圳,3K,应届毕业生,2000人以上,上市公司
2806062,大专,北京,30K,3-5年,500-2000人,上市公司
2934265,硕士,南京,4K,不限,500-2000人,上市公司
2976864,本科,上海,15K,3-5年,2000人以上,成长型(B轮)
2896549,本科,北京,10K,3-5年,150-500人,上市公司
2785207,不限,北京,12K,1-3年,15-50人,初创型(天使轮)
2723314,本科,上海,10K,1-3年,15-50人,初创型(天使轮)
2647241,本科,深圳,20K,3-5年,150-500人,成长型(不需要融资)
1131161,本科,北京,18K,不限,15-50人,初创型(天使轮)
2478984,本科,上海,5K,应届毕业生,少于15人,初创型(未融资)
2602320,大专,北京,6K,不限,15-50人,初创型(不需要融资)
1877856,本科,武汉,7K,1-3年,15-50人,初创型(未融资)
2797712,大专,上海,10K,1-3年,50-150人,成长型(A轮)
2884422,本科,北京,10K,1-3年,150-500人,成长型(B轮)
1995199,本科,北京,20K,3-5年,少于15人,初创型(不需要融资)
2334087,本科,深圳,10K,3-5年,50-150人,成长型(不需要融资)
2685459,本科,武汉,12K,不限,50-150人,成长型(不需要融资)
2735144,本科,厦门,10K,1-3年,少于15人,初创型(天使轮)
2869200,不限,北京,4K,不限,15-50人,成长型(A轮)
3010269,不限,大连,1K,应届毕业生,50-150人,成长型(A轮)
2895030,本科,上海,18K,3-5年,50-150人,成长型(不需要融资)
2838500,本科,杭州,10K,1-3年,15-50人,成长型(A轮)
2982539,大专,深圳,10K,1-3年,50-150人,初创型(天使轮)
1893886,大专,北京,6K,1-3年,15-50人,初创型(未融资)
2866757,不限,合肥,5K,1-3年,15-50人,初创型(不需要融资)
2886049,本科,上海,10K,1-3年,50-150人,成长型(B轮)
1326611,本科,上海,10K,1-3年,50-150人,成长型(A轮)
2842043,本科,北京,9K,1-3年,150-500人,成长型(不需要融资)
2915997,不限,北京,10K,1-3年,15-50人,初创型(天使轮)
2718694,本科,北京,20K,5-10年,2000人以上,上市公司
2909194,本科,北京,20K,1-3年,15-50人,成长型(A轮)
2999681,本科,北京,6K,1-3年,50-150人,成长型(不需要融资)
3008502,大专,北京,8K,1-3年,15-50人,初创型(不需要融资)
2585597,本科,北京,15K,3-5年,15-50人,初创型(天使轮)
2979866,不限,大连,1K,不限,少于15人,初创型(未融资)
2571598,本科,郑州,4K,不限,15-50人,初创型(不需要融资)
1568910,不限,广州,10K,1-3年,15-50人,初创型(天使轮)
2946696,大专,上海,10K,1-3年,15-50人,成长型(A轮)
2250634,不限,北京,3K,不限,500-2000人,成熟型(D轮及以上)
2996035,本科,深圳,15K,1-3年,少于15人,初创型(天使轮)
2680117,本科,上海,15K,3-5年,50-150人,成长型(B轮)
964236,大专,上海,8K,1-3年,500-2000人,成熟型(不需要融资)
842352,本科,上海,2K,不限,少于15人,初创型(天使轮)
2869884,本科,北京,15K,1-3年,150-500人,初创型(未融资)
3015608,大专,西安,10K,3-5年,500-2000人,初创型(天使轮)
2519731,本科,北京,15K,3-5年,15-50人,成长型(A轮)
2742497,本科,北京,10K,1-3年,15-50人,成长型(A轮)
2987808,不限,广州,10K,应届毕业生,15-50人,初创型(不需要融资)
2908689,大专,上海,8K,1-3年,2000人以上,上市公司
2233454,本科,北京,10K,1-3年,50-150人,成长型(B轮)
2706023,本科,北京,18K,不限,少于15人,初创型(天使轮)
2829580,大专,深圳,12K,1-3年,150-500人,成长型(A轮)
2863002,本科,深圳,15K,1-3年,2000人以上,上市公司
2703608,本科,广州,5K,3-5年,15-50人,成长型(A轮)
1676026,本科,杭州,10K,1-3年,150-500人,上市公司
2928547,本科,上海,15K,3-5年,50-150人,成长型(A轮)
3003253,本科,北京,8K,不限,少于15人,初创型(天使轮)
2823829,大专,北京,8K,3-5年,15-50人,初创型(未融资)
2989915,本科,上海,5K,不限,15-50人,初创型(天使轮)
3012681,本科,北京,25K,3-5年,2000人以上,上市公司
2914463,本科,北京,12K,3-5年,,
2818995,本科,北京,10K,1-3年,150-500人,成长型(A轮)
2942584,本科,北京,10K,3-5年,,
3016163,大专,深圳,10K,3-5年,15-50人,
2781974,不限,成都,10K,1-3年,2000人以上,成熟型(不需要融资)
2362785,本科,北京,15K,1-3年,2000人以上,成长型(A轮)
2498868,本科,南京,4K,1-3年,15-50人,初创型(天使轮)
2918999,本科,北京,18K,3-5年,150-500人,成长型(A轮)
2987210,本科,北京,25K,5-10年,2000人以上,上市公司
2065112,本科,成都,10K,3-5年,50-150人,成长型(不需要融资)
2066454,本科,上海,30K,5-10年,50-150人,成长型(B轮)
2964677,本科,深圳,7K,不限,少于15人,初创型(未融资)
1881318,大专,广州,15K,1-3年,15-50人,初创型(天使轮)
1407389,不限,北京,13K,1-3年,50-150人,初创型(天使轮)
3011275,大专,北京,20K,5-10年,2000人以上,成熟型(不需要融资)
3011169,本科,北京,20K,5-10年,2000人以上,成熟型(不需要融资)
3016175,本科,北京,20K,5-10年,2000人以上,成熟型(不需要融资)
2875132,本科,北京,10K,1-3年,500-2000人,上市公司
1755143,本科,北京,15K,3-5年,2000人以上,成熟型(不需要融资)
3015994,本科,北京,20K,5-10年,2000人以上,成熟型(不需要融资)
2929072,本科,深圳,15K,1-3年,500-2000人,上市公司
2898031,本科,北京,25K,5-10年,500-2000人,上市公司
1638652,本科,北京,10K,3-5年,500-2000人,上市公司
2898046,本科,北京,15K,3-5年,500-2000人,上市公司
3003027,不限,厦门,10K,1-3年,15-50人,初创型(未融资)
2961032,不限,北京,20K,3-5年,2000人以上,上市公司
2958156,本科,北京,18K,1-3年,150-500人,成长型(A轮)
2941969,本科,北京,15K,不限,50-150人,成长型(不需要融资)
2950258,本科,北京,15K,不限,50-150人,成长型(不需要融资)
2976452,本科,北京,15K,不限,50-150人,成长型(不需要融资)
2979982,本科,北京,15K,不限,50-150人,成长型(不需要融资)
2401536,本科,上海,10K,应届毕业生,500-2000人,成熟型(C轮)
2953678,本科,北京,15K,1-3年,15-50人,成长型(A轮)
2321372,本科,上海,13K,1-3年,2000人以上,成熟型(D轮及以上)
2841137,本科,北京,30K,3-5年,50-150人,成长型(B轮)
2929148,本科,深圳,15K,1-3年,500-2000人,上市公司
2875131,本科,北京,10K,1-3年,500-2000人,上市公司
1446135,不限,上海,10K,1-3年,2000人以上,成熟型(D轮及以上)
2311095,本科,北京,15K,1-3年,15-50人,成长型(A轮)
2735720,本科,北京,12K,3-5年,50-150人,初创型(天使轮)
2641325,本科,北京,15K,1-3年,15-50人,成长型(A轮)
2931124,本科,深圳,15K,3-5年,15-50人,初创型(未融资)
2856356,大专,北京,6K,1-3年,50-150人,初创型(未融资)
2818993,本科,杭州,5K,不限,少于15人,初创型(未融资)
1769423,不限,北京,8K,不限,150-500人,初创型(未融资)
2976255,本科,北京,15K,不限,150-500人,成长型(不需要融资)
2309727,本科,广州,7K,1-3年,15-50人,初创型(未融资)
2989669,大专,深圳,10K,1-3年,50-150人,初创型(未融资)
2751305,不限,北京,12K,1-3年,15-50人,成长型(A轮)
1510789,本科,上海,15K,1-3年,50-150人,成长型(A轮)
1860479,本科,广州,10K,1-3年,15-50人,初创型(不需要融资)
2997479,本科,上海,8K,1-3年,150-500人,成长型(A轮)
2905723,本科,上海,10K,不限,少于15人,初创型(不需要融资)
3001743,本科,杭州,7K,1年以下,50-150人,成长型(A轮)
2920575,本科,上海,6K,不限,50-150人,初创型(未融资)
2885100,本科,北京,15K,5-10年,2000人以上,上市公司
2562341,本科,北京,10K,1-3年,50-150人,成长型(A轮)
3015687,本科,北京,3K,不限,少于15人,初创型(未融资)
2800984,本科,北京,20K,1-3年,50-150人,成长型(B轮)
44347,本科,上海,8K,1-3年,50-150人,成长型(B轮)
2919991,本科,南京,11K,不限,150-500人,成熟型(C轮)
2988057,本科,北京,25K,3-5年,15-50人,初创型(未融资)
1526892,不限,西安,9K,不限,150-500人,成长型(不需要融资)
2845520,本科,北京,15K,1-3年,50-150人,成长型(B轮)
2986924,本科,北京,8K,1-3年,500-2000人,成熟型(不需要融资)
2707587,本科,上海,15K,3-5年,50-150人,成长型(B轮)
2253200,本科,北京,15K,1-3年,2000人以上,成长型(A轮)
2629697,本科,济南,8K,3-5年,50-150人,成长型(A轮)
2948633,大专,北京,10K,3-5年,50-150人,成长型(A轮)
2886238,本科,北京,8K,1-3年,15-50人,成长型(A轮)
2927121,本科,上海,15K,1-3年,15-50人,初创型(天使轮)
2784586,本科,上海,20K,3-5年,150-500人,成长型(不需要融资)
1201816,本科,北京,15K,3-5年,15-50人,成长型(A轮)
2494317,本科,杭州,18K,1-3年,50-150人,成长型(A轮)
2401505,本科,上海,10K,1-3年,500-2000人,成熟型(C轮)
1198581,本科,杭州,11K,3-5年,50-150人,上市公司
2553696,本科,北京,15K,3-5年,150-500人,成长型(不需要融资)
2245083,大专,北京,15K,1-3年,50-150人,成长型(B轮)
2651711,本科,西安,8K,3-5年,50-150人,成长型(A轮)
1459978,大专,上海,6K,不限,15-50人,初创型(未融资)
2882845,不限,上海,15K,不限,2000人以上,成熟型(D轮及以上)
2582629,不限,北京,15K,不限,50-150人,成长型(B轮)
1439852,本科,广州,8K,1-3年,2000人以上,成熟型(不需要融资)
2370833,本科,北京,3K,不限,150-500人,成长型(B轮)
2114110,本科,北京,10K,1-3年,500-2000人,成熟型(C轮)
2918955,本科,北京,15K,1-3年,15-50人,初创型(天使轮)
2900143,本科,北京,9K,1-3年,少于15人,初创型(不需要融资)
2992574,大专,广州,3K,应届毕业生,少于15人,初创型(不需要融资)
2823953,不限,北京,8K,不限,50-150人,初创型(未融资)
1391975,本科,厦门,8K,3-5年,15-50人,初创型(未融资)
2794050,本科,深圳,12K,不限,2000人以上,上市公司
202725,不限,上海,6K,不限,15-50人,初创型(未融资)
2913087,本科,上海,10K,3-5年,15-50人,初创型(未融资)
2904650,本科,北京,16K,1-3年,少于15人,初创型(天使轮)
2993269,本科,广州,10K,3-5年,50-150人,初创型(未融资)
2723660,大专,成都,10K,3-5年,150-500人,成长型(B轮)
2879808,本科,北京,15K,5-10年,50-150人,成熟型(C轮)
2758040,本科,深圳,10K,1-3年,15-50人,初创型(不需要融资)
2826988,本科,重庆,2K,不限,15-50人,初创型(不需要融资)
3005628,本科,北京,10K,1-3年,500-2000人,成熟型(C轮)
2983386,大专,广州,8K,3-5年,150-500人,上市公司
2984796,本科,北京,20K,3-5年,15-50人,成长型(A轮)
2953624,大专,西安,12K,5-10年,15-50人,初创型(不需要融资)
1533585,不限,上海,10K,1-3年,15-50人,初创型(天使轮)
2754677,大专,北京,8K,不限,少于15人,初创型(未融资)
1581642,硕士,北京,15K,3-5年,15-50人,成长型(A轮)
2962240,本科,北京,20K,不限,50-150人,初创型(未融资)
2520153,本科,上海,5K,1年以下,50-150人,成长型(A轮)
3004976,大专,东莞,4K,不限,150-500人,初创型(未融资)
2531025,本科,广州,15K,3-5年,15-50人,初创型(天使轮)
1971314,本科,杭州,7K,1-3年,2000人以上,成熟型(不需要融资)
2894207,本科,上海,15K,不限,少于15人,初创型(天使轮)
2972488,大专,上海,10K,1-3年,150-500人,成长型(不需要融资)
2954382,本科,成都,8K,3-5年,15-50人,成长型(B轮)
2363923,本科,北京,15K,1-3年,15-50人,初创型(天使轮)
790785,大专,广州,7K,1-3年,15-50人,成长型(B轮)
2772388,本科,成都,4K,不限,150-500人,成长型(B轮)
2867949,本科,北京,20K,3-5年,500-2000人,上市公司
2671323,本科,上海,15K,3-5年,2000人以上,初创型(未融资)
1448499,本科,上海,12K,1-3年,500-2000人,成熟型(C轮)
2910682,大专,成都,6K,1-3年,50-150人,成长型(B轮)
1086859,不限,北京,15K,1-3年,15-50人,成长型(A轮)
2969544,本科,深圳,20K,1-3年,150-500人,初创型(未融资)
2969436,本科,广州,10K,1-3年,15-50人,初创型(不需要融资)
2952099,本科,北京,10K,1-3年,50-150人,成长型(A轮)
2982503,本科,深圳,13K,1-3年,少于15人,初创型(天使轮)
2922850,大专,广州,4K,1-3年,150-500人,成长型(不需要融资)
2591117,本科,上海,4K,不限,150-500人,成熟型(D轮及以上)
2182008,本科,北京,15K,1-3年,150-500人,成熟型(C轮)
2999070,本科,北京,10K,3-5年,15-50人,成长型(A轮)
3010627,本科,深圳,10K,1-3年,150-500人,成长型(不需要融资)
2529698,本科,杭州,10K,1-3年,2000人以上,上市公司
1781643,本科,深圳,15K,3-5年,2000人以上,成熟型(不需要融资)
742815,大专,上海,25K,3-5年,150-500人,成长型(A轮)
2682890,大专,上海,10K,3-5年,15-50人,初创型(天使轮)
2912712,本科,深圳,15K,1-3年,150-500人,初创型(未融资)
2940438,大专,西安,6K,1-3年,150-500人,上市公司
2180572,大专,北京,8K,1-3年,150-500人,成长型(不需要融资)
2812888,不限,北京,8K,不限,15-50人,初创型(天使轮)
741948,大专,广州,8K,1-3年,50-150人,成长型(不需要融资)
2779441,不限,上海,15K,1-3年,2000人以上,成熟型(D轮及以上)
2068310,不限,北京,10K,1-3年,2000人以上,成熟型(C轮)
2624960,不限,南京,7K,不限,15-50人,成长型(A轮)
2700903,不限,北京,15K,1-3年,15-50人,成长型(A轮)
2947862,不限,北京,10K,1-3年,15-50人,初创型(未融资)
2802732,本科,北京,20K,3-5年,15-50人,成长型(A轮)
2856914,本科,杭州,15K,1-3年,15-50人,成长型(A轮)
2869901,本科,北京,20K,1-3年,150-500人,初创型(未融资)
2836997,本科,成都,8K,3-5年,2000人以上,上市公司
2927190,本科,北京,8K,1-3年,15-50人,成长型(A轮)
2741727,本科,北京,25K,5-10年,15-50人,成长型(A轮)
3003201,本科,北京,9K,不限,少于15人,初创型(天使轮)
3003184,本科,深圳,15K,1-3年,15-50人,初创型(天使轮)
2977586,本科,北京,15K,3-5年,2000人以上,初创型(未融资)
2547090,本科,北京,18K,3-5年,15-50人,成长型(A轮)
2065398,本科,西安,10K,3-5年,150-500人,成长型(不需要融资)
1864024,本科,深圳,10K,1-3年,150-500人,初创型(未融资)
2697920,本科,上海,25K,5-10年,50-150人,成长型(B轮)
2357637,本科,广州,10K,1-3年,少于15人,初创型(未融资)
2951083,不限,广州,10K,不限,15-50人,初创型(不需要融资)
2941055,大专,北京,10K,1-3年,50-150人,成长型(不需要融资)
2783914,本科,上海,18K,不限,2000人以上,成熟型(D轮及以上)
2631819,不限,北京,10K,1-3年,15-50人,初创型(天使轮)
2857568,本科,深圳,10K,3-5年,15-50人,初创型(不需要融资)
402987,大专,上海,5K,不限,15-50人,初创型(未融资)
2740448,大专,广州,9K,1-3年,2000人以上,上市公司
2917917,本科,上海,8K,1-3年,50-150人,成长型(A轮)
2782038,不限,成都,6K,1-3年,15-50人,初创型(天使轮)
2562317,本科,深圳,9K,不限,15-50人,初创型(天使轮)
2963660,本科,北京,10K,不限,15-50人,成长型(A轮)
2885547,本科,杭州,8K,1-3年,50-150人,初创型(未融资)
2553201,本科,广州,8K,1-3年,15-50人,成长型(A轮)
2653217,本科,深圳,15K,3-5年,15-50人,初创型(天使轮)
1491636,不限,北京,12K,不限,50-150人,成长型(A轮)
1947857,本科,上海,10K,不限,15-50人,成长型(A轮)
2966198,本科,北京,20K,5-10年,15-50人,成长型(A轮)
2620627,本科,上海,13K,1-3年,500-2000人,上市公司
2961121,本科,西安,6K,不限,50-150人,成熟型(C轮)
2981981,大专,上海,20K,3-5年,150-500人,初创型(未融资)
1939804,不限,广州,6K,1-3年,少于15人,初创型(未融资)
2976447,本科,重庆,6K,1-3年,50-150人,初创型(未融资)
3017326,大专,广州,6K,1-3年,15-50人,成长型(A轮)
2879416,本科,北京,15K,1-3年,150-500人,成熟型(C轮)
2382133,大专,深圳,8K,1-3年,150-500人,成长型(A轮)
2535190,本科,厦门,15K,5-10年,150-500人,成长型(A轮)
2959973,大专,深圳,15K,5-10年,150-500人,初创型(未融资)
2106851,本科,北京,25K,3-5年,15-50人,初创型(天使轮)
1674737,本科,北京,20K,1-3年,15-50人,初创型(不需要融资)
2463736,不限,北京,8K,不限,15-50人,初创型(天使轮)
2957906,本科,西安,7K,5-10年,50-150人,成长型(B轮)
3006068,本科,杭州,6K,1-3年,15-50人,初创型(未融资)
2981921,本科,武汉,8K,不限,15-50人,成长型(A轮)
2959187,本科,上海,14K,1-3年,少于15人,初创型(天使轮)
1781652,本科,深圳,15K,3-5年,2000人以上,成熟型(不需要融资)
1684990,本科,广州,7K,1-3年,15-50人,初创型(不需要融资)
2940875,本科,深圳,20K,3-5年,50-150人,上市公司
2562314,本科,成都,7K,不限,15-50人,初创型(天使轮)
2882895,本科,上海,8K,1-3年,15-50人,成长型(A轮)
3005787,本科,北京,10K,1-3年,少于15人,初创型(未融资)
2226784,本科,北京,10K,不限,15-50人,成长型(A轮)
2564480,不限,深圳,8K,1-3年,15-50人,初创型(未融资)
2757659,不限,杭州,12K,3-5年,15-50人,初创型(天使轮)
1043790,本科,上海,15K,不限,15-50人,成长型(A轮)
872241,本科,北京,20K,1-3年,15-50人,初创型(天使轮)
2999961,本科,广州,7K,不限,50-150人,初创型(未融资)
2913037,不限,上海,7K,1-3年,50-150人,成长型(B轮)
2584407,本科,北京,20K,3-5年,15-50人,初创型(天使轮)
2745409,大专,广州,5K,不限,50-150人,成长型(不需要融资)
2818357,本科,北京,12K,3-5年,2000人以上,上市公司
2859492,本科,上海,10K,1-3年,少于15人,初创型(不需要融资)
2915920,不限,北京,15K,1-3年,50-150人,初创型(未融资)
2916566,本科,苏州,5K,1-3年,50-150人,初创型(天使轮)
2999418,本科,北京,10K,1-3年,15-50人,成长型(A轮)
2174772,本科,北京,10K,不限,150-500人,成熟型(C轮)
2905867,本科,北京,10K,1-3年,150-500人,成长型(A轮)
2443207,本科,深圳,8K,3-5年,2000人以上,初创型(未融资)
2559887,本科,苏州,4K,1-3年,50-150人,初创型(天使轮)
346580,本科,北京,15K,3-5年,15-50人,初创型(天使轮)
2718362,本科,深圳,6K,不限,150-500人,成长型(不需要融资)
2669389,本科,北京,6K,不限,500-2000人,成熟型(不需要融资)
2895418,不限,北京,15K,1-3年,50-150人,初创型(天使轮)
2889755,本科,苏州,10K,3-5年,15-50人,成长型(A轮)
3019259,本科,北京,15K,3-5年,15-50人,初创型(不需要融资)
2748911,本科,成都,6K,1-3年,15-50人,成长型(A轮)
2475615,本科,广州,2K,应届毕业生,15-50人,初创型(未融资)
227494,本科,深圳,10K,不限,15-50人,成长型(A轮)
2695582,本科,北京,15K,不限,50-150人,初创型(未融资)
2925575,不限,深圳,12K,1-3年,2000人以上,成熟型(不需要融资)
2789142,本科,苏州,8K,3-5年,50-150人,成长型(A轮)
2552423,不限,成都,8K,1-3年,50-150人,成长型(B轮)
1533937,大专,上海,15K,1-3年,50-150人,成长型(不需要融资)
2771157,本科,杭州,10K,3-5年,150-500人,初创型(天使轮)
2356102,本科,广州,7K,1-3年,50-150人,成长型(不需要融资)
2827101,大专,上海,8K,不限,少于15人,初创型(未融资)
2600319,本科,上海,20K,1-3年,15-50人,初创型(不需要融资)
2962342,本科,北京,16K,不限,50-150人,成长型(不需要融资)
2617202,大专,长沙,7K,1-3年,150-500人,成长型(不需要融资)
2994112,不限,成都,5K,3-5年,15-50人,初创型(未融资)
3012635,本科,上海,4K,应届毕业生,50-150人,初创型(未融资)
2546773,大专,广州,8K,1-3年,15-50人,初创型(未融资)
2923980,本科,深圳,15K,3-5年,150-500人,初创型(未融资)
2755076,本科,北京,25K,3-5年,15-50人,初创型(不需要融资)
2602710,本科,上海,15K,3-5年,2000人以上,成长型(B轮)
2962348,大专,深圳,10K,1-3年,15-50人,初创型(不需要融资)
2372733,本科,北京,10K,不限,50-150人,成长型(B轮)
2968833,大专,深圳,11K,3-5年,少于15人,初创型(不需要融资)
1724545,本科,北京,10K,3-5年,15-50人,初创型(天使轮)
2905785,本科,太原,4K,不限,50-150人,成长型(A轮)
1989191,大专,深圳,8K,1-3年,15-50人,初创型(未融资)
3010622,本科,深圳,12K,1-3年,150-500人,成长型(不需要融资)
2936893,大专,杭州,12K,3-5年,500-2000人,初创型(天使轮)
1938084,本科,北京,20K,不限,50-150人,成长型(不需要融资)
2844509,大专,杭州,8K,1-3年,50-150人,成长型(不需要融资)
1538263,本科,南京,8K,1-3年,15-50人,初创型(天使轮)
2450424,本科,北京,15K,1-3年,500-2000人,上市公司
2977604,本科,北京,20K,3-5年,2000人以上,初创型(未融资)
2598239,大专,北京,15K,1-3年,15-50人,初创型(天使轮)
1476269,本科,上海,9K,应届毕业生,15-50人,初创型(未融资)
2683976,不限,上海,12K,3-5年,少于15人,初创型(天使轮)
995255,本科,上海,20K,3-5年,15-50人,成长型(B轮)
2830838,本科,北京,6K,不限,150-500人,成长型(不需要融资)
2561363,本科,杭州,15K,1-3年,15-50人,初创型(天使轮)
2795142,本科,杭州,20K,3-5年,50-150人,成长型(B轮)
2438164,不限,广州,15K,3-5年,少于15人,初创型(天使轮)
2401550,本科,北京,10K,应届毕业生,500-2000人,成熟型(C轮)
2769528,大专,深圳,10K,1-3年,15-50人,初创型(未融资)
2855756,不限,北京,25K,3-5年,15-50人,初创型(天使轮)
1942959,不限,北京,15K,1-3年,50-150人,成长型(A轮)
467708,本科,南京,5K,不限,15-50人,初创型(未融资)
2760840,大专,深圳,10K,1-3年,50-150人,成长型(不需要融资)
3000048,不限,深圳,15K,3-5年,15-50人,初创型(未融资)
2961053,本科,北京,15K,5-10年,50-150人,成熟型(D轮及以上)
2401519,本科,北京,10K,1-3年,500-2000人,成熟型(C轮)
2773445,本科,西安,6K,1-3年,50-150人,初创型(天使轮)
2959047,硕士,北京,15K,3-5年,2000人以上,成熟型(不需要融资)
2991289,本科,苏州,7K,1-3年,少于15人,初创型(不需要融资)
2881943,本科,杭州,6K,1-3年,150-500人,上市公司
1747606,大专,深圳,10K,1-3年,50-150人,成长型(不需要融资)
2326932,本科,武汉,8K,1-3年,15-50人,初创型(未融资)
2989480,本科,广州,7K,1-3年,150-500人,成长型(不需要融资)
2812960,本科,北京,35K,5-10年,50-150人,成长型(B轮)
2869360,本科,北京,10K,1-3年,50-150人,成长型(不需要融资)
1865354,大专,深圳,12K,3-5年,15-50人,成长型(A轮)
2806470,本科,深圳,7K,1-3年,15-50人,成长型(A轮)
15468,不限,成都,6K,1-3年,50-150人,成长型(A轮)
2307144,不限,北京,8K,1-3年,15-50人,初创型(未融资)
1870796,本科,西安,8K,3-5年,少于15人,初创型(天使轮)
2853198,本科,南京,8K,1-3年,50-150人,成长型(A轮)
2543903,本科,广州,8K,1-3年,15-50人,初创型(不需要融资)
3005568,本科,深圳,7K,应届毕业生,15-50人,初创型(未融资)
2876094,本科,广州,6K,1-3年,15-50人,初创型(不需要融资)
2927798,不限,北京,10K,1-3年,少于15人,初创型(不需要融资)
778975,本科,深圳,15K,5-10年,500-2000人,初创型(未融资)
2535576,本科,南京,4K,不限,少于15人,初创型(不需要融资)
2811709,本科,北京,20K,3-5年,2000人以上,上市公司
2717287,大专,深圳,10K,1-3年,50-150人,成长型(A轮)
3010714,本科,东莞,15K,3-5年,少于15人,初创型(不需要融资)
2833416,本科,北京,20K,3-5年,500-2000人,上市公司
2799502,大专,佛山,10K,1-3年,15-50人,初创型(未融资)
2371304,本科,成都,8K,3-5年,2000人以上,成熟型(不需要融资)
2914218,本科,上海,8K,1-3年,150-500人,上市公司
2500918,本科,北京,15K,3-5年,15-50人,初创型(天使轮)
2173362,本科,深圳,12K,1-3年,500-2000人,上市公司
2975595,大专,深圳,12K,3-5年,2000人以上,成熟型(不需要融资)
2948881,不限,北京,11K,1-3年,150-500人,成熟型(D轮及以上)
2994861,本科,蚌埠,10K,1-3年,50-150人,成长型(B轮)
2010228,本科,深圳,15K,3-5年,150-500人,成熟型(C轮)
3018083,本科,上海,10K,3-5年,50-150人,成长型(A轮)
3019261,本科,北京,10K,3-5年,15-50人,初创型(不需要融资)
2504617,本科,北京,20K,1-3年,2000人以上,成长型(A轮)
2833709,本科,成都,6K,1-3年,50-150人,成长型(A轮)
2565352,本科,武汉,8K,1-3年,50-150人,成长型(A轮)
2845532,本科,北京,18K,1-3年,150-500人,成熟型(D轮及以上)
2483626,本科,北京,13K,不限,50-150人,成长型(A轮)
2794191,本科,深圳,8K,1-3年,500-2000人,成熟型(D轮及以上)
2749529,本科,北京,15K,1-3年,150-500人,成长型(A轮)
2898035,本科,上海,15K,1-3年,500-2000人,上市公司
2439180,本科,上海,10K,3-5年,50-150人,成长型(A轮)
276827,本科,北京,15K,1-3年,50-150人,初创型(未融资)
2107313,本科,大连,6K,1-3年,50-150人,成长型(不需要融资)
2625410,本科,北京,18K,3-5年,15-50人,初创型(天使轮)
3018193,不限,郑州,5K,不限,50-150人,成长型(不需要融资)
2783432,大专,上海,12K,1-3年,15-50人,初创型(不需要融资)
2992627,本科,上海,15K,3-5年,2000人以上,上市公司
3006136,本科,北京,18K,5-10年,2000人以上,成熟型(不需要融资)
2507322,本科,深圳,15K,1-3年,150-500人,成长型(A轮)
3007421,本科,深圳,15K,3-5年,150-500人,成长型(不需要融资)
2946580,本科,深圳,12K,1-3年,150-500人,成长型(B轮)
2764211,本科,成都,12K,3-5年,50-150人,成长型(B轮)
3018216,本科,杭州,13K,3-5年,2000人以上,成熟型(不需要融资)
2520804,本科,北京,20K,3-5年,150-500人,上市公司
2498373,大专,杭州,10K,1-3年,少于15人,初创型(不需要融资)
2811762,本科,杭州,10K,3-5年,50-150人,成长型(A轮)
2675534,本科,上海,15K,3-5年,500-2000人,成熟型(D轮及以上)
2961439,大专,上海,10K,1-3年,50-150人,初创型(未融资)
1499388,本科,北京,20K,3-5年,50-150人,初创型(天使轮)
2974324,本科,广州,10K,1-3年,50-150人,成长型(A轮)
3019001,大专,广州,10K,1-3年,50-150人,成长型(不需要融资)
2947317,本科,上海,15K,3-5年,500-2000人,成熟型(D轮及以上)
2470444,大专,上海,15K,3-5年,2000人以上,成熟型(D轮及以上)
3002769,本科,北京,18K,5-10年,2000人以上,成熟型(不需要融资)
2456524,本科,深圳,15K,1-3年,15-50人,成长型(A轮)
250624,不限,上海,8K,不限,50-150人,上市公司
2796838,本科,北京,15K,3-5年,2000人以上,上市公司
2797047,本科,上海,18K,3-5年,50-150人,成长型(不需要融资)
2895652,本科,上海,25K,5-10年,15-50人,初创型(不需要融资)
2877199,大专,上海,7K,1-3年,500-2000人,上市公司
1724711,本科,北京,5K,不限,150-500人,成长型(不需要融资)
2713380,大专,杭州,10K,1-3年,少于15人,初创型(不需要融资)
2967477,本科,西安,6K,3-5年,150-500人,成长型(B轮)
2727188,本科,北京,10K,1-3年,2000人以上,成长型(B轮)
2012666,大专,上海,12K,1-3年,15-50人,初创型(不需要融资)
2145763,本科,上海,15K,3-5年,2000人以上,成熟型(D轮及以上)
2896804,本科,北京,25K,3-5年,500-2000人,成熟型(C轮)
3005914,本科,北京,18K,5-10年,2000人以上,成熟型(不需要融资)
2637379,本科,北京,15K,1-3年,15-50人,成长型(A轮)
1230540,本科,北京,10K,1-3年,150-500人,上市公司
2509185,本科,北京,20K,3-5年,500-2000人,上市公司
2940200,本科,北京,10K,1-3年,50-150人,上市公司
2711869,本科,北京,18K,3-5年,50-150人,成长型(B轮)
2768494,本科,北京,20K,不限,50-150人,成长型(A轮)
3018601,不限,广州,7K,1-3年,15-50人,初创型(不需要融资)
2895935,本科,沈阳,6K,1-3年,500-2000人,上市公司
311981,不限,南京,8K,1-3年,500-2000人,上市公司
2509814,本科,北京,15K,3-5年,150-500人,成熟型(C轮)
2691654,本科,北京,15K,3-5年,15-50人,初创型(天使轮)
2728965,本科,杭州,11K,3-5年,15-50人,成长型(A轮)
2862273,本科,北京,15K,3-5年,150-500人,成熟型(C轮)
2679202,本科,北京,18K,3-5年,2000人以上,成熟型(不需要融资)
2452963,本科,郑州,5K,1-3年,150-500人,成长型(不需要融资)
1521710,本科,北京,20K,5-10年,500-2000人,上市公司
2951866,本科,上海,15K,1-3年,50-150人,成长型(A轮)
2902083,本科,深圳,10K,1-3年,50-150人,成长型(不需要融资)
2734810,不限,上海,15K,不限,50-150人,成长型(A轮)
2769790,本科,杭州,10K,3-5年,50-150人,成长型(不需要融资)
2690898,本科,深圳,15K,1-3年,15-50人,初创型(不需要融资)
685070,本科,北京,20K,3-5年,15-50人,成长型(A轮)
1937454,本科,廊坊,8K,1-3年,50-150人,初创型(天使轮)
2698641,不限,长沙,10K,不限,150-500人,成长型(不需要融资)
2563629,大专,北京,12K,1-3年,2000人以上,上市公司
2898020,本科,上海,15K,1-3年,500-2000人,上市公司
1630895,本科,深圳,10K,1-3年,50-150人,成长型(B轮)
2995984,本科,北京,18K,5-10年,2000人以上,成熟型(不需要融资)
2761567,本科,上海,12K,1-3年,150-500人,成熟型(D轮及以上)
2875398,本科,北京,15K,3-5年,150-500人,上市公司
907162,本科,深圳,10K,1-3年,150-500人,成熟型(C轮)
568153,本科,广州,9K,1-3年,500-2000人,成熟型(D轮及以上)
1044917,本科,上海,15K,3-5年,50-150人,成长型(A轮)
2979697,大专,天津,6K,1-3年,少于15人,初创型(未融资)
2871649,本科,北京,40K,不限,少于15人,初创型(不需要融资)
2981028,大专,杭州,10K,1-3年,2000人以上,成熟型(不需要融资)
2736175,本科,北京,12K,1-3年,500-2000人,上市公司
2961233,本科,北京,15K,3-5年,50-150人,成长型(A轮)
3018203,本科,北京,5K,不限,50-150人,成长型(A轮)
2921958,不限,广州,11K,1-3年,2000人以上,成熟型(不需要融资)
2898008,本科,上海,15K,1-3年,500-2000人,上市公司
1911203,本科,北京,18K,3-5年,2000人以上,成熟型(不需要融资)
2967438,本科,西安,4K,1年以下,150-500人,成长型(B轮)
2961226,本科,北京,15K,3-5年,50-150人,成长型(A轮)
2237722,本科,北京,15K,3-5年,少于15人,初创型(天使轮)
2509817,本科,北京,15K,3-5年,150-500人,成熟型(C轮)
2840062,不限,广州,6K,不限,150-500人,成长型(B轮)
2722811,大专,武汉,10K,3-5年,50-150人,成长型(A轮)
2736184,本科,北京,25K,5-10年,150-500人,成长型(不需要融资)
2561590,本科,上海,16K,3-5年,2000人以上,成熟型(D轮及以上)
1548255,本科,成都,8K,1-3年,50-150人,成长型(不需要融资)
2958877,本科,北京,10K,1-3年,2000人以上,上市公司
1393101,本科,广州,10K,1-3年,50-150人,初创型(天使轮)
2827653,本科,上海,10K,3-5年,50-150人,上市公司
1826628,本科,北京,10K,3-5年,500-2000人,上市公司
2689551,本科,北京,18K,3-5年,2000人以上,成熟型(不需要融资)
1349190,本科,上海,15K,3-5年,2000人以上,成熟型(D轮及以上)
2928052,本科,北京,10K,1-3年,2000人以上,成熟型(D轮及以上)
2220485,本科,杭州,15K,3-5年,2000人以上,上市公司
2870429,本科,杭州,10K,1-3年,2000人以上,成熟型(不需要融资)
1212362,本科,上海,15K,3-5年,50-150人,成长型(B轮)
3014663,大专,北京,18K,1-3年,50-150人,成长型(B轮)
2769661,本科,深圳,8K,1-3年,500-2000人,上市公司
2905487,大专,北京,10K,1-3年,2000人以上,上市公司
1044883,本科,上海,10K,1-3年,50-150人,成长型(A轮)
2794254,本科,北京,10K,1-3年,15-50人,成长型(A轮)
2735716,本科,武汉,8K,3-5年,50-150人,初创型(天使轮)
3011484,本科,厦门,3K,不限,少于15人,初创型(未融资)
1523641,本科,北京,22K,3-5年,2000人以上,成熟型(D轮及以上)
1620315,本科,北京,15K,3-5年,50-150人,成长型(B轮)
2905928,本科,上海,16K,不限,150-500人,成长型(A轮)
493225,本科,北京,8K,1-3年,150-500人,成长型(B轮)
2907210,不限,上海,14K,1-3年,2000人以上,成熟型(D轮及以上)
2858989,本科,深圳,25K,5-10年,150-500人,成长型(A轮)
1435905,大专,广州,10K,1-3年,150-500人,成熟型(D轮及以上)
2985777,本科,西安,9K,不限,50-150人,成长型(不需要融资)
2496343,本科,北京,15K,1-3年,150-500人,上市公司
2775662,本科,北京,20K,3-5年,2000人以上,成熟型(不需要融资)
761479,不限,深圳,11K,1-3年,150-500人,上市公司
2801212,本科,北京,15K,1-3年,500-2000人,上市公司
2756446,本科,深圳,20K,5-10年,2000人以上,成熟型(不需要融资)
2014146,本科,北京,10K,1-3年,少于15人,初创型(天使轮)
2848943,本科,上海,10K,不限,15-50人,成长型(B轮)
2982449,本科,北京,8K,1-3年,2000人以上,上市公司
2778819,本科,上海,15K,3-5年,500-2000人,成熟型(D轮及以上)
2729942,本科,北京,20K,3-5年,15-50人,成长型(A轮)
327385,本科,北京,13K,1-3年,150-500人,上市公司
1717631,本科,北京,15K,不限,150-500人,成熟型(D轮及以上)
3016672,本科,北京,10K,1-3年,50-150人,成长型(A轮)
1803598,本科,北京,15K,3-5年,2000人以上,成长型(A轮)
97805,本科,北京,15K,1-3年,50-150人,成长型(A轮)
3019706,本科,北京,2K,不限,15-50人,初创型(未融资)
1234751,大专,广州,8K,1-3年,500-2000人,上市公司
2600432,本科,北京,35K,5-10年,50-150人,成长型(B轮)
2773278,本科,北京,15K,不限,2000人以上,上市公司
2958376,大专,成都,12K,3-5年,500-2000人,上市公司
2896552,大专,北京,15K,3-5年,15-50人,初创型(天使轮)
3012562,本科,苏州,15K,5-10年,50-150人,成长型(A轮)
2505624,本科,杭州,10K,3-5年,150-500人,初创型(未融资)
1987834,大专,上海,9K,1-3年,15-50人,初创型(未融资)
2235892,本科,上海,15K,3-5年,150-500人,成熟型(D轮及以上)
2646570,本科,成都,9K,3-5年,150-500人,成熟型(C轮)
2859888,本科,北京,22K,5-10年,15-50人,成长型(A轮)
1264447,本科,深圳,10K,1-3年,15-50人,成长型(A轮)
3010646,本科,深圳,10K,1-3年,150-500人,成长型(不需要融资)
2111530,本科,西安,4K,不限,50-150人,初创型(未融资)
2429820,本科,深圳,15K,3-5年,15-50人,初创型(天使轮)
2846401,本科,北京,12K,3-5年,50-150人,成长型(B轮)
2912119,本科,深圳,18K,3-5年,2000人以上,上市公司
2982366,本科,北京,10K,1-3年,15-50人,初创型(天使轮)
2997169,本科,北京,10K,1-3年,15-50人,初创型(不需要融资)
2951483,本科,东莞,10K,3-5年,少于15人,初创型(未融资)
2949836,大专,深圳,13K,不限,500-2000人,上市公司
517332,不限,厦门,4K,不限,50-150人,初创型(未融资)
2627530,大专,厦门,4K,不限,50-150人,初创型(未融资)
2982149,大专,上海,6K,1-3年,15-50人,初创型(天使轮)
3010247,大专,广州,5K,1-3年,少于15人,初创型(未融资)
2949233,本科,杭州,15K,3-5年,2000人以上,上市公司
2109799,本科,上海,20K,1-3年,50-150人,成长型(不需要融资)
2893943,本科,北京,10K,1-3年,15-50人,初创型(未融资)
2206862,本科,北京,10K,1-3年,15-50人,成长型(A轮)
2118038,本科,北京,10K,1-3年,150-500人,成长型(不需要融资)
2660127,本科,北京,8K,1-3年,2000人以上,上市公司
2714860,大专,厦门,10K,1-3年,15-50人,初创型(未融资)
2496200,不限,深圳,8K,1-3年,50-150人,成长型(不需要融资)
2914317,本科,北京,25K,3-5年,500-2000人,成熟型(C轮)
2437636,硕士,北京,15K,3-5年,15-50人,上市公司
1854765,本科,杭州,8K,1-3年,2000人以上,成熟型(不需要融资)
2740375,本科,杭州,15K,3-5年,15-50人,成长型(A轮)
2990259,不限,北京,10K,不限,15-50人,初创型(天使轮)
3000720,本科,上海,10K,1-3年,150-500人,成长型(A轮)
2888118,本科,上海,10K,1-3年,15-50人,初创型(天使轮)
2660390,大专,广州,12K,1-3年,15-50人,成长型(A轮)
2960467,本科,杭州,10K,1-3年,15-50人,初创型(天使轮)
2596253,本科,广州,9K,1-3年,50-150人,成长型(不需要融资)
3003353,不限,北京,8K,不限,150-500人,成熟型(C轮)
2516306,本科,北京,15K,3-5年,150-500人,成长型(B轮)
2589429,本科,北京,15K,5-10年,少于15人,初创型(天使轮)
2999109,大专,北京,15K,1-3年,150-500人,成长型(不需要融资)
2962261,本科,北京,15K,3-5年,2000人以上,上市公司
2921566,本科,上海,10K,1-3年,15-50人,成长型(A轮)
2917288,本科,北京,15K,1-3年,150-500人,成熟型(C轮)
2972742,本科,北京,20K,5-10年,150-500人,成长型(不需要融资)
2524805,本科,上海,15K,3-5年,500-2000人,成熟型(D轮及以上)
2917057,本科,上海,20K,3-5年,15-50人,成长型(A轮)
2762243,本科,南京,6K,不限,500-2000人,成熟型(不需要融资)
2809946,本科,北京,10K,1-3年,150-500人,成熟型(C轮)
1359786,不限,杭州,10K,不限,15-50人,初创型(不需要融资)
2739244,本科,上海,10K,1-3年,少于15人,初创型(天使轮)
2973668,本科,广州,8K,1-3年,50-150人,初创型(天使轮)
2303074,本科,苏州,15K,3-5年,150-500人,成长型(B轮)
3013446,本科,北京,5K,应届毕业生,15-50人,成长型(A轮)
2740257,本科,上海,9K,1-3年,少于15人,初创型(天使轮)
3018825,本科,深圳,10K,1-3年,50-150人,成长型(A轮)
2324742,本科,上海,15K,1-3年,少于15人,初创型(天使轮)
2811424,大专,深圳,15K,1-3年,150-500人,成长型(A轮)
2746692,本科,北京,8K,1-3年,50-150人,成长型(A轮)
2995839,本科,苏州,7K,1-3年,15-50人,成长型(A轮)
2802466,本科,上海,15K,3-5年,15-50人,成长型(A轮)
2874521,本科,济南,6K,1-3年,15-50人,初创型(天使轮)
3014065,本科,杭州,10K,不限,少于15人,初创型(天使轮)
2982049,本科,广州,9K,1-3年,50-150人,成长型(不需要融资)
1577241,不限,广州,10K,1-3年,150-500人,成长型(不需要融资)
2758116,本科,成都,6K,1-3年,500-2000人,成熟型(C轮)
2729080,本科,北京,10K,3-5年,15-50人,初创型(不需要融资)
2844896,大专,北京,12K,1-3年,15-50人,初创型(不需要融资)
2552943,本科,北京,15K,3-5年,50-150人,初创型(未融资)
665369,本科,北京,10K,1-3年,15-50人,成长型(A轮)
2324134,大专,广州,7K,1-3年,50-150人,初创型(未融资)
1202535,本科,北京,15K,1-3年,50-150人,成长型(A轮)
2948822,本科,北京,4K,不限,150-500人,成长型(不需要融资)
1526638,大专,重庆,6K,不限,50-150人,初创型(未融资)
3010637,本科,深圳,10K,1-3年,150-500人,成长型(A轮)
2502925,本科,广州,8K,1-3年,50-150人,初创型(天使轮)
2685590,本科,广州,7K,1-3年,50-150人,上市公司
1551430,本科,上海,10K,1-3年,2000人以上,成熟型(D轮及以上)
2866312,大专,北京,8K,1-3年,150-500人,初创型(未融资)
3018739,本科,上海,15K,3-5年,50-150人,成长型(B轮)
2917974,大专,北京,15K,不限,50-150人,成长型(不需要融资)
2557998,本科,北京,4K,不限,150-500人,成长型(B轮)
3006519,大专,北京,5K,1年以下,50-150人,成长型(不需要融资)
952785,不限,广州,10K,1-3年,500-2000人,成熟型(不需要融资)
2914195,本科,北京,25K,5-10年,50-150人,成长型(A轮)
2894039,本科,深圳,13K,1-3年,50-150人,初创型(天使轮)
2242591,本科,深圳,14K,1-3年,500-2000人,上市公司
2339540,本科,深圳,10K,3-5年,2000人以上,成熟型(不需要融资)
2855962,大专,成都,6K,1-3年,50-150人,成长型(A轮)
2988070,本科,上海,3K,不限,50-150人,初创型(天使轮)
2973294,本科,北京,15K,3-5年,2000人以上,初创型(未融资)
2717561,大专,广州,6K,1-3年,15-50人,初创型(未融资)
2995601,不限,北京,15K,3-5年,50-150人,成长型(A轮)
2832070,本科,深圳,10K,3-5年,500-2000人,上市公司
2518705,不限,广州,3K,不限,50-150人,成长型(不需要融资)
2851368,本科,广州,8K,1-3年,50-150人,成长型(A轮)
2989107,大专,上海,15K,3-5年,50-150人,初创型(未融资)
2537125,本科,北京,15K,1-3年,50-150人,初创型(天使轮)
1534647,本科,上海,13K,1-3年,2000人以上,成熟型(D轮及以上)
2975722,本科,北京,15K,1-3年,2000人以上,上市公司
2948277,本科,北京,20K,3-5年,2000人以上,成熟型(D轮及以上)
2766411,本科,北京,20K,5-10年,50-150人,成长型(A轮)
2831087,大专,成都,6K,不限,50-150人,成长型(B轮)
3007417,本科,深圳,15K,3-5年,150-500人,成长型(不需要融资)
2812957,本科,上海,10K,1-3年,150-500人,上市公司
2735005,本科,杭州,10K,1-3年,500-2000人,成熟型(不需要融资)
2829686,本科,上海,15K,1-3年,2000人以上,成熟型(D轮及以上)
3005099,本科,深圳,15K,1-3年,150-500人,成长型(A轮)
1619813,本科,杭州,15K,3-5年,15-50人,上市公司
2999083,本科,成都,8K,1-3年,500-2000人,成熟型(不需要融资)
2846934,本科,广州,8K,1-3年,50-150人,成长型(A轮)
2438996,本科,上海,15K,3-5年,500-2000人,成熟型(D轮及以上)
3014158,本科,北京,15K,3-5年,500-2000人,成长型(B轮)
2567056,本科,上海,15K,3-5年,150-500人,成长型(A轮)
2957653,本科,上海,10K,3-5年,15-50人,初创型(天使轮)
2866737,本科,深圳,10K,1-3年,50-150人,成长型(A轮)
3006020,大专,深圳,15K,1-3年,150-500人,上市公司
2953556,本科,廊坊,4K,1-3年,500-2000人,成熟型(不需要融资)
2976894,本科,武汉,7K,1-3年,150-500人,初创型(未融资)
3011078,本科,上海,10K,3-5年,50-150人,成长型(不需要融资)
2554262,本科,宁波,8K,1-3年,50-150人,初创型(未融资)
3010635,本科,深圳,12K,3-5年,50-150人,上市公司
3015996,本科,北京,15K,3-5年,2000人以上,上市公司
2951729,本科,深圳,7K,应届毕业生,150-500人,成长型(A轮)
2909560,本科,苏州,8K,1-3年,50-150人,成长型(A轮)
2988638,本科,上海,15K,不限,2000人以上,成熟型(D轮及以上)
2974823,大专,广州,8K,1-3年,50-150人,成长型(不需要融资)
1399621,本科,厦门,8K,1-3年,15-50人,初创型(不需要融资)
2938876,本科,深圳,10K,3-5年,150-500人,上市公司
2982910,本科,武汉,6K,3-5年,少于15人,初创型(天使轮)
1206624,本科,广州,8K,1-3年,500-2000人,上市公司
2017171,本科,武汉,10K,1-3年,50-150人,成长型(A轮)
1892699,不限,武汉,9K,3-5年,50-150人,成长型(B轮)
1899786,本科,上海,15K,3-5年,500-2000人,成熟型(D轮及以上)
2966483,本科,上海,10K,1-3年,15-50人,成长型(A轮)
2948390,大专,北京,9K,1-3年,2000人以上,上市公司
3001590,大专,上海,6K,1-3年,500-2000人,上市公司
1980336,本科,北京,18K,3-5年,2000人以上,成熟型(D轮及以上)
2951745,本科,深圳,15K,3-5年,150-500人,成长型(A轮)
3009433,本科,苏州,8K,1-3年,50-150人,成长型(A轮)
1942854,本科,北京,13K,3-5年,150-500人,成长型(不需要融资)
2683634,本科,北京,25K,3-5年,500-2000人,成熟型(D轮及以上)
1845346,不限,上海,10K,1-3年,150-500人,成长型(B轮)
1846627,本科,上海,15K,不限,500-2000人,成熟型(D轮及以上)
2953938,本科,北京,15K,不限,50-150人,成长型(不需要融资)
2428633,本科,上海,12K,3-5年,2000人以上,上市公司
2917641,本科,北京,10K,1-3年,2000人以上,上市公司
2936565,本科,广州,12K,3-5年,150-500人,成长型(B轮)
2803558,不限,杭州,12K,3-5年,15-50人,初创型(不需要融资)
2889252,本科,深圳,15K,3-5年,2000人以上,成熟型(不需要融资)
2879221,本科,北京,10K,3-5年,150-500人,成长型(不需要融资)
2879999,本科,北京,20K,3-5年,150-500人,成熟型(C轮)
2555528,不限,成都,8K,3-5年,150-500人,上市公司
2951738,本科,深圳,10K,1-3年,150-500人,成长型(A轮)
1900054,本科,上海,15K,1-3年,50-150人,成长型(B轮)
2984031,本科,上海,10K,1-3年,50-150人,成长型(不需要融资)
2887629,大专,北京,10K,1-3年,2000人以上,上市公司
2728974,本科,杭州,8K,不限,15-50人,成长型(A轮)
2935326,本科,上海,10K,3-5年,150-500人,成熟型(C轮)
2996555,本科,成都,10K,5-10年,50-150人,成长型(A轮)
2282811,不限,上海,10K,1-3年,15-50人,初创型(不需要融资)
2973600,不限,武汉,8K,1-3年,少于15人,初创型(天使轮)
2904848,本科,深圳,15K,不限,50-150人,成长型(A轮)
2714158,本科,北京,25K,3-5年,50-150人,成长型(B轮)
1077311,本科,北京,15K,1-3年,50-150人,成长型(A轮)
2745594,本科,上海,10K,1-3年,150-500人,成长型(A轮)
2452260,本科,北京,20K,3-5年,150-500人,成熟型(C轮)
2951140,本科,北京,15K,不限,50-150人,成长型(不需要融资)
2944175,本科,北京,10K,1-3年,50-150人,成长型(不需要融资)
367987,本科,北京,15K,1-3年,150-500人,成长型(B轮)
2779916,大专,广州,8K,1-3年,150-500人,成长型(B轮)
2840707,本科,深圳,15K,1-3年,150-500人,上市公司
2692426,大专,杭州,10K,3-5年,500-2000人,成熟型(不需要融资)
2766418,本科,北京,15K,3-5年,50-150人,成长型(A轮)
3013833,本科,深圳,3K,不限,15-50人,初创型(不需要融资)
2436606,本科,上海,18K,3-5年,50-150人,成长型(A轮)
2503078,本科,北京,20K,3-5年,150-500人,成长型(B轮)
2953494,本科,北京,10K,1-3年,150-500人,成长型(B轮)
2972026,大专,东莞,15K,1-3年,2000人以上,上市公司
2710118,本科,北京,25K,3-5年,50-150人,成长型(B轮)
2531838,本科,北京,20K,3-5年,150-500人,成熟型(C轮)
2995487,本科,北京,15K,不限,50-150人,成长型(不需要融资)
2842698,本科,北京,10K,1-3年,500-2000人,成熟型(不需要融资)
2519443,本科,北京,15K,3-5年,150-500人,成长型(不需要融资)
2740432,大专,上海,10K,1-3年,50-150人,初创型(未融资)
2995945,本科,北京,18K,5-10年,2000人以上,成熟型(不需要融资)
782944,本科,成都,6K,1-3年,150-500人,初创型(未融资)
2816173,本科,深圳,10K,1-3年,150-500人,成长型(不需要融资)
2369629,本科,北京,16K,1-3年,15-50人,成长型(A轮)
2268991,本科,深圳,15K,3-5年,50-150人,成长型(A轮)
3018553,本科,南京,9K,1-3年,15-50人,成长型(B轮)
1463626,本科,深圳,15K,1-3年,150-500人,上市公司
2989096,本科,北京,15K,3-5年,150-500人,成长型(A轮)
2710558,本科,北京,35K,5-10年,50-150人,成长型(B轮)
2765201,本科,北京,20K,5-10年,50-150人,成长型(A轮)
2925250,本科,北京,15K,不限,50-150人,成长型(不需要融资)
2472419,本科,成都,10K,不限,500-2000人,上市公司
1040421,本科,上海,10K,3-5年,50-150人,成长型(A轮)
2945363,本科,北京,20K,1-3年,150-500人,成熟型(C轮)
2964735,本科,北京,18K,3-5年,2000人以上,上市公司
2837033,本科,北京,20K,3-5年,150-500人,成熟型(C轮)
2721100,本科,北京,25K,5-10年,500-2000人,上市公司
